{
  "_note1": "KEEP THIS FILE! Check it into a version control system (VCS) like git.",
  "_note2": "ObjectBox manages crucial IDs for your object model. See docs for details.",
  "_note3": "If you have VCS merge conflicts, you must resolve them according to ObjectBox docs.",
  "entities": [
    {
      "id": "1:1061041173539757259",
      "lastPropertyId": "5:4707420721568726817",
      "name": "CoralFragment",
      "properties": [
        {
          "id": "1:3362465997258844213",
          "name": "id",
          "type": 6,
          "flags": 1
        },
        {
          "id": "2:8570788093034036299",
          "name": "title",
          "type": 9
        },
        {
          "id": "3:6878650413700257090",
          "name": "species",
          "type": 9
        },
        {
          "id": "4:4840940407152574262",
          "name": "date",
          "type": 9
        },
        {
          "id": "5:4707420721568726817",
          "name": "details",
          "type": 9
        }
      ],
      "relations": []
    }
  ],
  "lastEntityId": "1:1061041173539757259",
  "lastIndexId": "0:0",
  "lastRelationId": "0:0",
  "lastSequenceId": "0:0",
  "modelVersion": 5,
  "modelVersionParserMinimum": 5,
  "retiredEntityUids": [],
  "retiredIndexUids": [],
  "retiredPropertyUids": [],
  "retiredRelationUids": [],
  "version": 1
}